pitcher_id,pitcher_xba,pitcher_xwoba,pitcher_xslg,pitcher_k_rate
434378,0.3208928688763624,0.3190237063546829,0.5340550575462036,0.2066365007541478
445276,0.2880085826558881,0.3008491368515753,0.5751309771880555,0.24358974358974358
445926,0.33073860285627027,0.3829808540395341,0.7029855964225522,0.18604651162790697
448179,0.3139699500768049,0.3914419944629015,0.53293116359447,0.09302325581395349
450203,0.331522486257573,0.3327353722835242,0.5501234074718941,0.22748091603053436
453286,0.3214316169727123,0.3317176543111784,0.6301170129362504,0.22841225626740946
455119,0.3467057283569229,0.30253429088662,0.5719265069453158,0.24855491329479767
458677,0.3355186788659969,0.29603860042381286,0.5166395082989663,0.2714285714285714
471911,0.34293978370610806,0.3540526533679038,0.5750141039477253,0.16037735849056603
472610,0.3344639070604072,0.32514576683527363,0.5363236641170863,0.20175438596491227
476594,0.4283722222222222,0.5362029037037037,0.8166111111111108,0.06666666666666667
477132,0.30987016800508943,0.30340050149067344,0.47032235444724874,0.18142548596112312
489119,0.36349021297363027,0.4114456193984563,0.660874264592934,0.12727272727272726
489446,0.333059729261903,0.3219933115568392,0.6262351297343527,0.2857142857142857
493603,0.23399999999999999,0.3585542222222222,0.28700000000000003,0.3333333333333333
500743,0.38090082782714363,0.49316108252503554,0.7267620520999469,0.0
500779,0.3245801713286454,0.3490298309303422,0.5587726244017428,0.15978456014362658
502043,0.3961622916850537,0.4407670980755548,0.7489562109259182,0.136986301369863
502085,0.3452711637653127,0.328974793460925,0.6697427869116699,0.28205128205128205
506433,0.28817358300861734,0.2968751164712261,0.5220899111196814,0.22818791946308725
518397,0.35507811255030347,0.4372382044316842,0.7108662092051735,0.09876543209876543
518489,0.35598373664631233,0.32894905321577134,0.5460111921816089,0.1919191919191919
518585,0.3377228571357578,0.2880273268850949,0.5673346571151021,0.3582089552238806
518876,0.32654364426504384,0.3159530633130925,0.5635245967528636,0.2232620320855615
518886,0.37053180303030303,0.31424637299010516,0.6252402575757575,0.3469387755102041
519008,0.3191451691989406,0.35876873962732164,0.5331523113087401,0.0945945945945946
519141,0.3106000248226385,0.29112316297406093,0.5322078419122289,0.28078817733990147
519151,0.34063648414276787,0.3462042970875829,0.5306723588004779,0.15819209039548024
519242,0.31468912407894006,0.2646601566883052,0.4914784448237456,0.321011673151751
519326,0.29208469743357807,0.3093153278504725,0.47544886146192117,0.15384615384615385
521230,0.32936135153262813,0.3745533250843399,0.682213014039101,0.2
527048,0.31685495891523974,0.35392321960257755,0.6311633983712628,0.19213973799126638
534910,0.3832215909090909,0.37951564069264065,0.5081003787878788,0.12
541640,0.32372580308580307,0.32877236604317095,0.5295569452769452,0.11904761904761904
542881,0.311619021443016,0.345270829096427,0.5917669762969422,0.17362270450751252
542888,0.2816268982941094,0.27228499062901035,0.47302235656257613,0.2605633802816901
542932,0.4144940873015873,0.5359620250626567,0.7497137698412698,0.0
543056,0.3281630623920949,0.30902532764656554,0.5161820067413914,0.24431818181818182
543101,0.3001564417355053,0.31647288788687883,0.5573678754501321,0.21301775147928995
543135,0.29970067237459674,0.27153849022520776,0.4930290731376254,0.2600806451612903
543243,0.3458136068519776,0.3059483286373885,0.5774257530312723,0.26587301587301587
543294,0.29772100248838407,0.3077275575850161,0.4963521766376021,0.16402877697841728
543391,0.22959999999999997,0.30491616666666665,0.29480000000000006,0.0
543518,0.3377792028087794,0.37749128946466626,0.7221610840473593,0.21333333333333335
543592,0.4217459165834166,0.6688748418248418,1.083788807026307,0.0
543859,0.31915503851391175,0.3554088478824304,0.5905576584761092,0.18269230769230768
544150,0.27286872759856634,0.25602183204134366,0.4491079749103943,0.22727272727272727
547001,0.2673780687397709,0.3577296781914894,0.5126955810147299,0.0625
547179,0.3348080158333693,0.33118993529364843,0.5826553873972609,0.20922570016474465
547184,0.3109258610233321,0.3384978692154833,0.5528944533604574,0.1746987951807229
547973,0.2927544952064272,0.2266800048922124,0.4669274058986706,0.37280701754385964
548384,0.25367260101010103,0.24119084175084174,0.39501201599326596,0.25252525252525254
552640,0.3078988691773738,0.2612205476339455,0.5215434835962386,0.3076923076923077
554340,0.35698678638434733,0.33567840666244325,0.6126384285937639,0.2777777777777778
554430,0.2915017693353269,0.24696988762402272,0.4838999411422209,0.3321976149914821
554431,0.3349911067193676,0.35238966883116885,0.5816272233201581,0.2
570632,0.344995753912302,0.3892971958615687,0.6415309549901187,0.13877551020408163
571466,0.337112865497076,0.39812409303561935,0.5323286549707602,0.0
571510,0.30912676545348977,0.30149455153784444,0.5156042621833266,0.21448467966573817
571578,0.3405939607415719,0.3357854556009172,0.5630173188638888,0.19699248120300752
571657,0.4237266666666667,0.60022,1.0369533333333334,0.0
571760,0.3388932362916738,0.36210647419846453,0.5874665005917127,0.1601489757914339
571771,0.3325421453546454,0.44246899477099483,0.5755962974525474,0.02702702702702703
571912,0.07933333333333333,0.24737425000000002,0.15366666666666665,0.0
571927,0.286911268725154,0.2870906660521959,0.4972628001631501,0.19093851132686085
571945,0.3182848439322678,0.3513417201794819,0.6036781164492083,0.14947683109118087
571946,0.32789284300091753,0.2921459579253161,0.5535881549638466,0.2903225806451613
571948,0.2987860884877455,0.30320839826661916,0.5156523622349889,0.19795221843003413
572955,0.3085323282600493,0.29726227471652816,0.5306217105751454,0.24481327800829875
573009,0.32735077763984943,0.3603554578107294,0.5989225154364918,0.13793103448275862
573124,0.31172892013679043,0.315559760479811,0.5535134771185072,0.2398190045248869
573186,0.32850225239622205,0.36758584200375044,0.6026371642652285,0.14857142857142858
573204,0.2724029762511015,0.24865916971224142,0.44147002231964283,0.2534562211981567
573262,0.2809560975609756,0.4666767456445993,0.5703121951219512,0.0
579328,0.3302978817221116,0.32735073054423025,0.5665868754742279,0.22509702457956016
592094,0.27348127664157956,0.26006545550198645,0.4323518459146425,0.25925925925925924
592155,0.28414556636837623,0.325558388798667,0.6008629609135611,0.24305555555555555
592254,0.3367262443438914,0.28248319505494507,0.4514615384615384,0.2857142857142857
592332,0.3206964988633633,0.30098317623509,0.5508834591623792,0.24355670103092783
592351,0.3334215775488745,0.3774369207322644,0.7090857842240156,0.19047619047619047
592426,0.29547715051697393,0.32130728395944075,0.4890446150320303,0.1735159817351598
592454,0.30893781850669993,0.32842565383582906,0.5209704387677343,0.18726591760299627
592662,0.299836176170553,0.3004448774720099,0.5295746347927452,0.24635761589403973
592773,0.3182048549411872,0.3265741267052989,0.5535725307338282,0.22745098039215686
592779,0.276711155697535,0.258973877246805,0.4361205885219205,0.27672955974842767
592791,0.3003078440239742,0.30497292218412436,0.5293932925630308,0.18846153846153846
592836,0.3111744502163241,0.33018007415731354,0.52932209290682,0.15955473098330242
592866,0.3374691232978794,0.3297408098511021,0.5372775797883138,0.1742627345844504
593423,0.3422374153254008,0.35298250267100095,0.5916884702694619,0.1797752808988764
593576,0.3246240732637088,0.3307447759590457,0.6431667889840974,0.28225806451612906
593833,0.24466320502376743,0.31231501691027075,0.5690487045758855,0.21875
593958,0.3323610985970369,0.32821070820871734,0.5537148521680807,0.20575539568345325
593974,0.3209744350490339,0.3110292784236094,0.49045190161152313,0.2012779552715655
594580,0.2943759999384499,0.30273700265741493,0.5442413972913507,0.2682926829268293
594798,0.3128490735339836,0.2862952898599585,0.5550168258075511,0.2757078986587183
594902,0.29950280739842006,0.33157133816513895,0.5604048768946426,0.16201117318435754
595014,0.3134630968559897,0.30160590072288157,0.522726001770859,0.272
595345,0.2775637059547328,0.25342153666471323,0.49091680273700056,0.30434782608695654
595897,0.41504545454545455,0.33776594805194804,0.5264025974025974,0.23809523809523808
595928,0.31842568993623827,0.320417557979464,0.5584098105833821,0.1702127659574468
595978,0.4522755102040817,0.45308463392857146,0.6370204081632653,0.0625
596001,0.32328134865186586,0.3121332316633217,0.5139612332961988,0.2
596103,0.33266666666666667,0.311,0.373,0.0
596112,0.2962010582010582,0.285119575,0.5105220899470899,0.23809523809523808
596133,0.27469082640144066,0.26850324694494127,0.5108330987203354,0.2748091603053435
596142,0.4419928571428572,0.6419949387755103,1.0434107142857143,0.0
596271,0.39209483424903124,0.4214047497052088,0.6792764608667241,0.0875
596295,0.3185411338751557,0.3724697283471386,0.6275368803985446,0.125
600917,0.3592479419324189,0.3901480113534335,0.6758094058837846,0.17391304347826086
601713,0.3195731762114757,0.30958244695487297,0.601270797858556,0.2631578947368421
605130,0.320718228310294,0.32317775154373185,0.5163167508379826,0.24752475247524752
605135,0.3348559916421057,0.31625160134471114,0.5323125595021809,0.22523744911804613
605154,0.30816035613795756,0.33032433490740115,0.5539822478993497,0.22608695652173913
605177,0.299271495144519,0.28975515983161104,0.4460834436748964,0.2517482517482518
605182,0.23184878787878788,0.34026950928641253,0.34464636363636364,0.0967741935483871
605218,0.2504320634920635,0.2832175813492064,0.5050607936507937,0.25
605242,0.3773917355399667,0.4496491245950864,0.808407539442563,0.13043478260869565
605280,0.30523483132609575,0.3220645287586385,0.49530106450279127,0.18169014084507043
605288,0.31291359904846927,0.31223915513167344,0.47842656711200326,0.1776061776061776
605347,0.35594495510627777,0.3537846305876708,0.5516892699135593,0.1619047619047619
605400,0.3323043602919206,0.3149329349697541,0.5632503979519305,0.23891625615763548
605447,0.3038822980093054,0.3136159089117257,0.5802673129439461,0.25133689839572193
605452,0.3477518592420036,0.37333760360246454,0.6400104664153496,0.17105263157894737
605463,0.33809564520593954,0.3824107438828194,0.6431662955693344,0.1791044776119403
605483,0.3251844076385592,0.2827665119818202,0.4719970858536003,0.28125
605488,0.31217558314189,0.3209163688540902,0.5375476679386161,0.19327731092436976
605507,0.177625,0.17154141666666667,0.212625,0.25
605513,0.32753915742793793,0.37106752142265226,0.5654049963045086,0.12121212121212122
605540,0.2602371654234496,0.23257476960914816,0.4546062171424359,0.3229571984435798
606160,0.27819281264327045,0.29495444237971197,0.4544100939880046,0.2283464566929134
606303,0.37054337418864375,0.3909090091176584,0.7442884057987815,0.20512820512820512
606930,0.3506878839629562,0.3771398423548709,0.613825251008619,0.1388888888888889
606965,0.27991657125441605,0.2999479618626584,0.49267311719410856,0.2153846153846154
606996,0.28147325979613863,0.2987481443450786,0.5189353895046479,0.20670391061452514
607067,0.3264159044442792,0.3285934217344822,0.5498359424485474,0.19126506024096385
607074,0.28783426722724703,0.28563262942534584,0.48939506430257373,0.25663716814159293
607179,0.41814375000000004,0.46773330434782606,0.571375,0.0
607192,0.30248825153474623,0.2851830829958581,0.48830259634737233,0.2896174863387978
607200,0.31944812278173407,0.3551455527977774,0.5355662234048488,0.1328
607259,0.31161661264978074,0.31214085028927935,0.49807505912591044,0.16934306569343066
607455,0.2833533920396675,0.29855614160526556,0.49316660414754876,0.22556390977443608
607481,0.345296598249345,0.3180688388052564,0.4752463927636515,0.21518987341772153
607536,0.34138227449968056,0.34215435062844035,0.5738147802796392,0.17489421720733428
607625,0.3292744371797978,0.34861550076495923,0.6139162143593362,0.20358306188925082
607732,0.3461020408163265,0.3276547619047619,0.5274897959183674,0.125
608032,0.29056912258653156,0.2991861667693299,0.5146037527198764,0.2
608331,0.31115705429215645,0.2869140258915398,0.47830067926132847,0.23595505617977527
608334,0.2804436309607627,0.30902551779176407,0.5455821758932898,0.21138211382113822
608337,0.33679067537492197,0.34502499348008836,0.5929252801040915,0.19642857142857142
608371,0.3216285908319185,0.4081697284306196,0.5915475941870806,0.18055555555555555
608372,0.34476376937035685,0.3657880908671501,0.6286047247857128,0.15680473372781065
608379,0.31495237814573246,0.3166669100040718,0.5170359981808353,0.17597765363128492
608566,0.33552793238877054,0.3658016183640405,0.5894922567598533,0.14020270270270271
608650,0.3375431908179994,0.2880458100179687,0.49125775330213034,0.24378109452736318
608665,0.3383236161254625,0.39498614889840306,0.5715807479164506,0.10843373493975904
608671,0.56325,0.6096309999999999,0.7282500000000001,0.0
608717,0.33860958427221965,0.3447526548574293,0.6063945529649607,0.21153846153846154
608718,0.309315509666287,0.313769609484471,0.5262804418209243,0.1815068493150685
612434,0.27658395061728397,0.34749589682539683,0.436237037037037,0.14285714285714285
614179,0.30741219749947024,0.32333405821604555,0.512840789362153,0.1875
615698,0.34211787337562466,0.3656644198597033,0.627871118365816,0.1650485436893204
620443,0.40091763499658234,0.5916470532296652,0.9907758031442242,0.0
620454,0.3236618814046003,0.3154382157671531,0.4791872496897339,0.2
621028,0.22614625321612353,0.4362966382575758,0.7371324104845627,0.0
621051,0.3028291884820832,0.30240009232483733,0.4947261434907906,0.21161825726141079
621053,0.2738976390215281,0.3009391723932841,0.4473065484710027,0.21862348178137653
621057,0.3617045454545455,0.3746693957680251,0.5934184952978057,0.10714285714285714
621107,0.31549759645596565,0.32740789521278074,0.5563620168273061,0.16129032258064516
621111,0.3281846513933828,0.35487663629986305,0.5524696004515844,0.1625441696113074
621112,0.310810670534899,0.3099119625936152,0.5134446538397336,0.19428571428571428
621114,0.28675,0.22218712499999999,0.32499999999999996,0.375
621121,0.32880123699470776,0.35326405202020156,0.5812728776038114,0.22262773722627738
621139,0.33884678132678137,0.3302730493942218,0.46300201474201474,0.20454545454545456
621199,0.33323467685797603,0.3484586681984645,0.5775702361600529,0.15789473684210525
621237,0.3213491551265745,0.29745572109380636,0.576462877333845,0.2807017543859649
621242,0.30145778331300926,0.24738718709978047,0.4758701858703267,0.3783783783783784
621244,0.3246795787184947,0.3371122303316338,0.5797093970013635,0.19714285714285715
621345,0.29916026406926405,0.2794479968790899,0.5692542034632034,0.32558139534883723
621363,0.29318659779323913,0.36667736253550853,0.5267638985747778,0.21153846153846154
621366,0.34898404101613584,0.3414344663463294,0.5709142688553092,0.2206896551724138
621381,0.2757774902709144,0.26084482112540913,0.46283787308319935,0.2734375
621383,0.32887757865257944,0.3032890363147659,0.5453508294895395,0.22846441947565543
621512,0.0766,0.18821483333333333,0.11000000000000001,0.0
622253,0.3645247963707599,0.3855808556036705,0.6510648737525845,0.23529411764705882
622379,0.3412489028213166,0.39071106590909094,0.5416691745036573,0.12195121951219512
622491,0.3185865512391702,0.31233711587810264,0.5472181543559537,0.21715817694369974
622503,0.33472327894066306,0.3305309882079553,0.5232846753430045,0.16339869281045752
622554,0.30773457933027887,0.2816619110569698,0.4677466998048213,0.30038022813688214
622569,0.4429909090909091,0.5118636363636364,0.7604,0.0
622608,0.3622424830291986,0.3949549734027647,0.6161020132002013,0.11793214862681745
622663,0.32868335723810077,0.33085386189235255,0.5187445163255887,0.17563739376770537
622761,0.5902236842105263,0.676398933014354,0.974763157894737,0.0
622780,0.33770285714285714,0.41589517857142855,0.5432542857142857,0.125
622786,0.2763596886983984,0.2944330730679577,0.40474791337694566,0.12345679012345678
623149,0.27955063642193695,0.30032595800676676,0.5966772901342141,0.24691358024691357
623167,0.3140453421410163,0.34594066800362816,0.5522893718290868,0.12290502793296089
623168,0.4693690909090909,0.5347259528619529,0.7398724401913875,0.0
623211,0.30272192455269503,0.30926783750817827,0.49316960043171965,0.21673003802281368
623352,0.24866392914142998,0.22096211865725926,0.4492711835500926,0.36893203883495146
623433,0.3292764095193684,0.32610978886730674,0.5317939989311161,0.15873015873015872
623437,0.35106869204518987,0.3251475605179924,0.5027117780174909,0.1828358208955224
623465,0.28650000000000003,0.2333179090909091,0.3315,0.2727272727272727
623474,0.28869988980527983,0.2843362952093704,0.46473524462032495,0.23275862068965517
624133,0.2985378823032094,0.27782558733626894,0.4647640648645318,0.23159509202453987
624431,0.3555751082251083,0.44744569155844155,0.761592077922078,0.08333333333333333
624512,0.3740374285714286,0.5287164047619047,0.7998977142857143,0.0
625643,0.4407140151515152,0.4653530933333333,0.6441647727272728,0.038461538461538464
628317,0.33088873949579833,0.36608530698946246,0.5122161904761904,0.18604651162790697
628452,0.2968160641276259,0.27660855543943175,0.5289882263889403,0.27340823970037453
640448,0.30410967168003467,0.2777654569023475,0.4615472113318214,0.23605150214592274
640451,0.26392592592592595,0.1930896666666667,0.3168148148148148,0.28205128205128205
640454,0.30598276723276724,0.3238826350078493,0.5480574425574426,0.2
640455,0.34394943115972304,0.31083706205872286,0.6044482694403988,0.28517110266159695
640462,0.31605,0.2648252285714286,0.51830125,0.34285714285714286
640902,0.4460979797979798,0.4375512151515151,0.6988767676767677,0.15
641154,0.33249105365422466,0.3086616135168127,0.5311465148570262,0.23397435897435898
641302,0.3521217492688861,0.33238021081794855,0.5531151946015863,0.19294117647058823
641312,0.3567514363449007,0.3760956218625161,0.7186701468260484,0.19642857142857142
641329,0.3400815978790378,0.31094211645619785,0.6481777175908051,0.3018181818181818
641343,0.2865839789196311,0.3986889414838035,0.5379989459815546,0.034482758620689655
641386,0.30950976515614287,0.3895657216934842,0.690400404828426,0.14893617021276595
641401,0.30125266249304256,0.30514890753664087,0.5883668246740784,0.24378109452736318
641482,0.3284348463997886,0.39479132237396175,0.7161937964533157,0.18471337579617833
641540,0.35199585417858914,0.36083243479643173,0.663832487590568,0.22105263157894736
641585,0.34785279866332497,0.3160435159774436,0.605498746867168,0.3125
641656,0.308405152364221,0.31518775518922915,0.5445333265594492,0.25301204819277107
641658,0.17833333333333334,0.17300000000000001,0.218,0.0
641672,0.303051827307661,0.33753385598844593,0.5361099571271454,0.14473684210526316
641745,0.2801694907617421,0.26181196322563993,0.42335133748415377,0.2717391304347826
641755,0.29808160737497036,0.2925004482246193,0.48471969446650626,0.237012987012987
641778,0.3212261645626308,0.3058156947485164,0.561835455057541,0.2388758782201405
641793,0.31033862536033024,0.3228909761951212,0.5602949100291218,0.17105263157894737
641816,0.31964897547570065,0.31867223449645216,0.5244598583960972,0.19020172910662825
641835,0.2575364469068803,0.27413232731866694,0.4287319423193649,0.20270270270270271
641927,0.30981751200250274,0.3226794478635465,0.578077510029157,0.19169329073482427
641941,0.2699178562988434,0.2660860304492924,0.5227522321593108,0.3
642016,0.3052800507575594,0.31981127527579173,0.5271770812528598,0.2542372881355932
642048,0.348015801276941,0.365309733267234,0.6070929080874624,0.18181818181818182
642100,0.2950815870415983,0.2472664203336421,0.5043555471265952,0.3374485596707819
642121,0.30617546500630516,0.2623293947709594,0.4252357266708701,0.24444444444444444
642133,0.4806615384615385,0.5214283706293706,0.6869461538461538,0.0
642152,0.31677225470203146,0.34634248341930035,0.5680513425268918,0.178743961352657
642180,0.39359999999999995,0.4242495,0.4556,0.0
642207,0.3184925930370138,0.27248599674695495,0.5303004469144271,0.3474903474903475
642215,0.3080701754385965,0.3293201754385965,0.45436403508771933,0.0
642216,0.3333203360309641,0.37931969625901335,0.6032744440534834,0.13043478260869565
642232,0.32826106123225396,0.3201312845383407,0.5391720057636108,0.20833333333333334
642239,0.2807166360026003,0.28350376319735726,0.4736540391508134,0.21505376344086022
642397,0.33064052481689893,0.3047663086445341,0.47900333832995706,0.25089605734767023
642520,0.3994390616475723,0.3708539309807992,0.6045979814511729,0.1951219512195122
642528,0.29852208202069247,0.2942730502925643,0.46813681811358043,0.18518518518518517
642547,0.30070576560142975,0.2887331885917201,0.5266333179238193,0.2821576763485477
642585,0.2609241622988659,0.26384554530134013,0.4804044753000308,0.352112676056338
642701,0.2809558326476314,0.29220989418779464,0.5243718730303603,0.22058823529411764
642708,0.4677863636363636,0.5589739454545455,0.7576318181818182,0.0
642759,0.43626045125087676,0.4261495404255319,0.8577804945054944,0.25
643338,0.3345726178865252,0.3705152540035114,0.6956215114281755,0.18229166666666666
643361,0.3087912037037037,0.324356875,0.4525217592592593,0.10714285714285714
643377,0.36689155423931497,0.2819410321232699,0.5762965281921828,0.3498233215547703
643396,0.017499999999999998,0.026,0.044000000000000004,0.0
643410,0.32170607416656777,0.3010071803540234,0.5053956444977753,0.24545454545454545
643511,0.291689018824921,0.25602725492194167,0.37272197552483716,0.1605351170568562
645261,0.32784953613319057,0.3319438080750059,0.5494240112075722,0.1906040268456376
645305,0.3089657142857143,0.36875079365079366,0.7621028571428571,0.16666666666666666
645444,0.4232,0.41159999999999997,0.5236,0.0
646242,0.35275,0.2632,0.397,0.2
647315,0.4096044368089823,0.4650670918739381,0.7419960254392073,0.07692307692307693
647336,0.29105674771263035,0.2931012069538081,0.4920301790427797,0.2486910994764398
647351,0.3425714285714285,0.379312125,0.42371428571428577,0.0
650489,0.2055,0.20650000000000002,0.27925,0.0
650556,0.35167904792479826,0.28852599187152705,0.5649370014943902,0.35353535353535354
650633,0.3187683348631741,0.31984674420410003,0.5868417459722763,0.24675324675324675
650644,0.2980104984728376,0.3143982899243618,0.5404092573305229,0.2018348623853211
650671,0.6133333333333333,0.39749925,0.7519999999999999,0.375
650893,0.30766006522361816,0.33318726025416495,0.5645290789591504,0.18716577540106952
650911,0.31250221823192303,0.2722838881748388,0.4787030626628745,0.2620519159456119
655889,0.30992903576437586,0.27420296372293657,0.4170504921586128,0.2066115702479339
656186,0.2969163834744754,0.33287868799823433,0.477424372338702,0.17355371900826447
656222,0.30134402810421007,0.30634890219039485,0.5111644240400217,0.2025862068965517
656234,0.3324730921841991,0.30513346533644364,0.537815045824487,0.26294820717131473
656240,0.305886984364199,0.33256206228644936,0.5512367821658544,0.17857142857142858
656257,0.5033214285714286,0.47630538888888885,0.8101071428571428,0.16666666666666666
656271,0.31441230956894684,0.3034970964802009,0.5014291145352088,0.20155038759689922
656288,0.32980614035274664,0.33415695301188986,0.5704846985941754,0.21341463414634146
656302,0.3189270403910314,0.29005993522650425,0.5361205268923646,0.29778393351800553
656420,0.4295030303030303,0.4107660709366392,0.7555348695286195,0.17391304347826086
656427,0.3324407740206785,0.3097620470023327,0.579179052629675,0.27606461086637296
656457,0.30024014816204275,0.31254700798361507,0.5450722049725407,0.22790697674418606
656458,0.83,0.6393000000000001,2.2652,0.5
656464,0.3192924141801566,0.3300237650346242,0.5872042213903363,0.2396694214876033
656546,0.29740323086880205,0.3014800312315572,0.6056175551682752,0.2916666666666667
656550,0.33132305032105347,0.3292031927434279,0.5742712732798181,0.24949290060851928
656557,0.35558883972485794,0.3761576646164609,0.5971594116361827,0.15763546798029557
656577,0.4258333333333333,0.51174925,0.6166666666666667,0.0
656605,0.3292774983507965,0.3260009979773497,0.5463122776858913,0.2
656629,0.3175357142857143,0.33027284905660376,0.3842857142857143,0.22641509433962265
656638,0.30425,0.30558283333333336,0.35750000000000004,0.16666666666666666
656641,0.32371603875213595,0.3148000719986776,0.518053244917069,0.21839080459770116
656686,0.3565928925633436,0.3395616052738029,0.5936875755127512,0.25842696629213485
656716,0.035,0.044,0.035,0.0
656730,0.3334494948364042,0.280884964037102,0.5498735631873962,0.3125
656731,0.33553215520063095,0.3062561237024222,0.5409985321118965,0.29180327868852457
656794,0.3337086242819132,0.3061222542978544,0.502680397000818,0.23155216284987276
656848,0.37514996724641386,0.3773457927895083,0.713192943078427,0.21518987341772153
656849,0.3496498291844819,0.3308724638064113,0.5252787108688929,0.20718232044198895
656876,0.3054735421337613,0.29108919106875114,0.48696431748563973,0.21561969439728354
656896,0.38708053458968317,0.5463823436521174,0.8557323445988175,0.0
656945,0.33939622726164287,0.31765056997855556,0.5773963570824961,0.251063829787234
656986,0.29293896856155066,0.265910948345451,0.504635026980449,0.2964824120603015
657006,0.3401867623117623,0.3139262574358974,0.524490817053317,0.21333333333333335
657024,0.30704827195245915,0.3823669740558292,0.4943707482993197,0.1
657044,0.30141062986257744,0.2955377768630146,0.493448184678242,0.20454545454545456
657053,0.3435809523809524,0.2910300303030303,0.49031428571428565,0.2727272727272727
657097,0.28422824911332417,0.2810406511369663,0.47656878918625883,0.21722846441947566
657240,0.3841478076191378,0.37770598106446107,0.6258291036254403,0.18072289156626506
657277,0.33875844833613217,0.295268081236929,0.5287713562298938,0.2613768961493582
657376,0.2633612008000295,0.27198236310135965,0.449442688067219,0.2310126582278481
657424,0.29178541666666663,0.2715873703703704,0.36922864583333337,0.1956521739130435
657514,0.26997103417757023,0.2874883196027687,0.43022328198012927,0.19111111111111112
657571,0.29997625043469917,0.29078452018079537,0.42439876453494185,0.1881918819188192
657585,0.32625135880311956,0.2918697622966738,0.49114369710380973,0.2689075630252101
657612,0.28106111695475466,0.28771915582189794,0.447158111765091,0.137546468401487
657649,0.273663844979411,0.26334827822293494,0.44565164868590734,0.2527881040892193
657746,0.3014452142802058,0.28919216829324396,0.5689383928761208,0.27994227994227994
657756,0.29094203557320353,0.326218048984013,0.5561642500778586,0.20833333333333334
660271,0.32480430726618187,0.24954659458818604,0.48965335121682524,0.3315508021390374
660604,0.32700280734232345,0.36508603091143094,0.6112941210271855,0.17391304347826086
660644,0.2941076923076923,0.38406149883449886,0.5482948717948719,0.0
660730,0.3731377893146007,0.4205207542881757,0.8350200127056118,0.2
660761,0.30400067855084273,0.31781122832565517,0.4947126792712354,0.19753086419753085
660787,0.3280232581073128,0.3246584703677402,0.46289480469899447,0.175
660825,0.29176755669886306,0.2853652021014105,0.5228888609330592,0.26198083067092653
660844,0.5276,0.5434161666666667,0.6508,0.0
660853,0.3233708596738255,0.31584695993619655,0.5427721061695278,0.2206405693950178
660896,0.3177572384450862,0.3273391739403697,0.5769106939954428,0.2364341085271318
661395,0.2965755429108763,0.24827066016678687,0.4215530271480577,0.2787456445993031
661403,0.30736901671889566,0.27694629018717215,0.45623344591447984,0.23383084577114427
661527,0.27433182224888897,0.3806384836582417,0.720428725474301,0.14814814814814814
661563,0.3151530714678139,0.3416107122876201,0.5201663618663077,0.1673469387755102
662253,0.30808871762099804,0.26279235631158454,0.46184395696032,0.32677165354330706
663158,0.3367193336600565,0.29769438283787203,0.5731262241126439,0.2788104089219331
663321,0.27034277113385946,0.34660599494763417,0.6364602578334889,0.21153846153846154
663362,0.39760529677672957,0.47179764477987424,0.7019863404088049,0.12
663372,0.2783655905745431,0.2839441125266831,0.43301744937172476,0.18518518518518517
663399,0.34250025142211976,0.3602421438994658,0.5943665808858519,0.16417910447761194
663423,0.3292182490630117,0.3390221486861156,0.552773469554672,0.17777777777777778
663432,0.38438076923076925,0.3608861304347826,0.48275769230769233,0.23404255319148937
663436,0.33397705809557154,0.3474616551979507,0.5740065746920315,0.17275747508305647
663455,0.3728433402827238,0.38230820134213844,0.7738459837408965,0.2764227642276423
663460,0.3006360914518667,0.2784899518530141,0.4574553772926491,0.24267782426778242
663462,0.3469666666666667,0.3437599571428571,0.45720208333333334,0.08571428571428572
663465,0.2853848262613794,0.28637497134430817,0.46022176695249695,0.15730337078651685
663474,0.40026879986911323,0.47883117071576603,0.7951763245991593,0.13333333333333333
663485,0.30695224414325106,0.3060766531893697,0.5329608830567071,0.2140468227424749
663542,0.3456956173351095,0.3326441124950857,0.517137817485629,0.25333333333333335
663546,0.3497890932523416,0.3531240021385964,0.5373037511287059,0.1506849315068493
663554,0.3050981759530252,0.2981698994331551,0.5324093511166567,0.22098569157392686
663558,0.3177714932126697,0.3102112015837104,0.48904788838612373,0.25
663559,0.3138735095640471,0.3401083154735759,0.5490953894257333,0.15637065637065636
663562,0.4725206024424548,0.4921744297165692,0.9899445035039864,0.23076923076923078
663568,0.31952183005456747,0.32104935395252104,0.4997413952962989,0.16666666666666666
663574,0.336940489148449,0.3224528477176527,0.5574906192907515,0.24916943521594684
663623,0.32723507543978525,0.3598128041941063,0.6065325576893632,0.15736040609137056
663671,0.3119602921843886,0.30313014326268656,0.49391789893506766,0.23622047244094488
663687,0.32540048086887685,0.30528104964774494,0.4834829614725138,0.23465703971119134
663738,0.30195655873127625,0.32870321914899225,0.49614614127655254,0.15517241379310345
663765,0.33656141482659785,0.3445194710764608,0.49953507111262796,0.13529411764705881
663767,0.30351977445771416,0.3322976892178789,0.561895887252853,0.1712707182320442
663773,0.21872959183673468,0.24533308333333334,0.32856207482993194,0.1388888888888889
663795,0.33051715551589783,0.31604347073030137,0.6032190731641227,0.23232323232323232
663804,0.30923943693908973,0.3480293716817003,0.6363272425234231,0.2112676056338028
663855,0.334187019686285,0.3308173739593011,0.477879419425993,0.18471337579617833
663878,0.30419117210309066,0.37119841330090175,0.5009235122822914,0.07042253521126761
663893,0.3121922455287859,0.2864123910499658,0.4760242362047475,0.3053691275167785
663897,0.3051089743589744,0.3066369953846154,0.5178210737179487,0.16
663903,0.32279176541508026,0.3198566782490538,0.5441561487580717,0.2276536312849162
663941,0.32276802055664194,0.32594074277208973,0.5317832394419497,0.17672413793103448
663947,0.3144408444937601,0.3029552310501631,0.5209792273723179,0.20512820512820512
663967,0.02033333333333333,0.20457225,0.05566666666666667,0.0
663969,0.29221976281610473,0.29762977507737864,0.45208398291055824,0.16613418530351437
663978,0.32729530985123967,0.34393226658754517,0.5833876979948329,0.16691505216095381
663992,0.32322117012200774,0.36624105493392495,0.6072730169135103,0.21052631578947367
664062,0.3278141347053787,0.3509040441004903,0.6473275756129621,0.24050632911392406
664068,0.39035657124093653,0.5069825118351434,0.8922295220001877,0.05555555555555555
664076,0.3301379049588436,0.2806336572867671,0.5373132252581142,0.3374485596707819
664123,0.34093404754492085,0.34366027245856884,0.5378222880144969,0.11764705882352941
664126,0.2972839354456745,0.2747308139372753,0.4579257386813252,0.24180327868852458
664129,0.5500650932400932,0.5557915164141415,1.1425338578088577,0.20833333333333334
664139,0.27860836271156186,0.3124372290955455,0.4962065036076705,0.13761467889908258
664141,0.31998842488649587,0.3194792995397355,0.4896070545305688,0.18803418803418803
664192,0.2883388937045659,0.29316317494035393,0.46348261641005745,0.18787878787878787
664199,0.30747045286537017,0.29811594500037436,0.5353224509601642,0.21256038647342995
664208,0.3091119832234427,0.26405446884783995,0.44911527105227317,0.324
664285,0.32151087808481427,0.30299283987785375,0.4970633713928804,0.2328767123287671
664294,0.3653244962590822,0.3292414445608155,0.6176918907971767,0.2753623188405797
664299,0.27454288796908916,0.2856412457375121,0.4657475217859416,0.21518987341772153
664351,0.26564399641665826,0.292246774737868,0.46323283348091426,0.24074074074074073
664353,0.4584215909090909,0.42880000649350647,0.6786159090909091,0.21428571428571427
664744,0.0434,0.02388888888888889,0.0508,0.4444444444444444
664747,0.31371904766134834,0.3844525475776085,0.6602041235855006,0.2
664849,0.36318,0.26852166666666666,0.44361999999999996,0.35135135135135137
664854,0.33312762891188463,0.3099744871349557,0.5466900037890399,0.2490118577075099
664875,0.2821512771831543,0.2651266101996648,0.5123434625119285,0.3333333333333333
664948,0.43345152986325874,0.46231270934456065,0.9020673472218095,0.21739130434782608
664991,0.3226362203687785,0.2949930076009849,0.44275538182747487,0.23308270676691728
665019,0.35970743602834254,0.6086949163031035,1.1230146527584395,0.0
665152,0.30308313256962455,0.3041898360551277,0.527515965998396,0.2002820874471086
665625,0.3266129807692308,0.3489849803600655,0.508640204326923,0.1702127659574468
665660,0.3219798080873643,0.30440037002543857,0.5275671295547696,0.2717391304347826
665665,0.30517714285714287,0.25074693877551024,0.5401714285714286,0.25
665795,0.33339042071949054,0.3124142689245433,0.5498197488080129,0.25728987993138935
665871,0.3353450625586702,0.3392351766108034,0.49456604908187846,0.1503267973856209
666120,0.3480324685624737,0.3570151384520124,0.5307274710468983,0.1568627450980392
666142,0.3190031786675371,0.2560773338192173,0.5471314254053327,0.38132295719844356
666157,0.30629271836611494,0.2915272297611177,0.5240298724204089,0.24299065420560748
666168,0.3474344019344019,0.36992955316713944,0.5789792324792326,0.18333333333333332
666171,0.32391578944744565,0.3211505831952495,0.6006956932719,0.28515625
666200,0.3286937160505099,0.28509930842533177,0.5134037140592955,0.2845849802371542
666214,0.3329123511313783,0.32879717025880084,0.5512388777790477,0.2081447963800905
666215,0.38979977741288085,0.4119161261009106,0.6972336854390265,0.18181818181818182
666277,0.4032041660750418,0.40255821630295197,0.7144227568444244,0.20689655172413793
666374,0.32966573713043995,0.28197159249551684,0.48989405085236853,0.2914572864321608
666619,0.29198163265306126,0.39049382683982686,0.4498908163265306,0.0
666659,0.3426407839700603,0.3480125395504066,0.6083349412382307,0.1836734693877551
666661,0.31217631080513175,0.30088668958209963,0.44164360678186226,0.23529411764705882
666711,0.26945180298425203,0.28907772290221756,0.48059381929831074,0.19767441860465115
666808,0.3108168572892086,0.2965825719989854,0.4689780815116389,0.2589928057553957
666974,0.30462114709625243,0.2988483868929083,0.45866294958606824,0.21031746031746032
667297,0.36158805811830774,0.3062193781626879,0.5285214553329227,0.25396825396825395
667463,0.33060037631162076,0.3373249688268248,0.5026343594306893,0.12612612612612611
667755,0.31804735938796,0.3116954628966713,0.4798569678454233,0.2096551724137931
668390,0.28801788346842694,0.3175586552907706,0.5416422897776176,0.2147239263803681
668670,0.33188902116402114,0.4413676408730159,0.6823852116402117,0.0
668674,0.31144693963474146,0.3047119305339731,0.48948498850632055,0.1927710843373494
668678,0.3141363728467512,0.3204621477043956,0.5652515079509618,0.214987714987715
668716,0.344869339241025,0.36048414486864566,0.5437925665920841,0.21428571428571427
668820,0.3215483358188133,0.3289387957732704,0.567231773471105,0.16556291390728478
668834,0.3374198737665843,0.3204373351600945,0.5519033336181361,0.20967741935483872
668881,0.30270220511598717,0.2726956750537381,0.5558853672740762,0.3142857142857143
668909,0.3184280775856548,0.320961388463824,0.5594429422780185,0.24573863636363635
668933,0.3201775757192852,0.2902706981457288,0.44226103719821597,0.22535211267605634
668941,0.2922114971673482,0.2914360453780307,0.45907170585549884,0.21484375
668964,0.31980122718346826,0.3241075997755774,0.5240285617774838,0.17272727272727273
668970,0.3428655094905095,0.3467166162287325,0.5586309523809524,0.23255813953488372
668984,0.30278786455232576,0.30381518082778997,0.5278573405466556,0.2511415525114155
669020,0.3284750602990469,0.363811377806334,0.5639015523579091,0.12953367875647667
669022,0.3448380196134854,0.32198324359888353,0.5997733407405045,0.27165932452276065
669060,0.39127339588867044,0.4224447791825175,0.6853844612495321,0.12389380530973451
669062,0.31977829743101466,0.3299988054922058,0.4436232038042279,0.171875
669084,0.2738491179432284,0.2937051866091484,0.4359765743748509,0.17419354838709677
669093,0.2987497389870153,0.2600434414284561,0.5362141887012825,0.35526315789473684
669145,0.2816485588972431,0.32305291060985797,0.4163635338345864,0.03571428571428571
669160,0.3421845109467319,0.3487535391448356,0.5947354996668778,0.2106164383561644
669193,0.2327,0.2642704285714286,0.2921,0.14285714285714285
669194,0.3149171996289281,0.30812674235129056,0.5286771004930898,0.21324717285945072
669199,0.3202254057797894,0.3267712267760749,0.6236306138150252,0.2533783783783784
669203,0.3066488404463596,0.30556274467588546,0.518002819418943,0.23773584905660378
669211,0.31340720369745817,0.33319366256412986,0.5806792170987142,0.21933085501858737
669212,0.2922382215007215,0.37858821674876847,0.6645431727994229,0.1
669276,0.29025222026814884,0.26835462512445485,0.5375082349603149,0.2857142857142857
669302,0.3152278674961815,0.27489954526424576,0.5544534029757734,0.3233644859813084
669308,0.337634509441135,0.37898272277700923,0.6602097277862211,0.21367521367521367
669330,0.2963052965970899,0.29631671380146446,0.578656436954047,0.21951219512195122
669358,0.31352398419245636,0.3057638810084275,0.5271983777276897,0.24719101123595505
669371,0.2890974092109042,0.3265719821033959,0.4967947164156822,0.2157676348547718
669372,0.31112376938148356,0.3013385413626001,0.5307799969178494,0.25255102040816324
669373,0.3100892021277019,0.25806510598049887,0.5189910646260161,0.32133333333333336
669387,0.33631895595155414,0.3129770299025557,0.5101085854131351,0.2119047619047619
669391,0.42608171176649434,0.3857907084133258,0.5935517634539373,0.17142857142857143
669422,0.3422573167390635,0.34049631540749437,0.5535850680169123,0.18604651162790697
669432,0.30210832531544457,0.2879718552096071,0.5075031332218364,0.24349881796690306
669438,0.35928039483552815,0.3182353779964281,0.5547188834931875,0.23783783783783785
669449,0.4147626262626263,0.4466767676767677,0.6312323232323233,0.0
669450,0.45665262127578304,0.5920866905186317,0.9077870511841101,0.0
669456,0.3429780147092983,0.3275753034686242,0.6141916648389565,0.23270440251572327
669459,0.16334117647058824,0.3944855401069518,0.6156313725490196,0.18181818181818182
669461,0.33814756725266776,0.33961417884550504,0.5800079742335066,0.18798151001540833
669467,0.3081888823249664,0.3212557574266501,0.47950452579923003,0.15481171548117154
669620,0.30112911497105044,0.31578126451612903,0.3877172870140612,0.14285714285714285
669622,0.27902402908469603,0.29415405408587636,0.4742488239457597,0.2048780487804878
669674,0.32395136803681684,0.3420409841856064,0.5237310034576791,0.1746031746031746
669684,0.28065966366021655,0.31067658095831885,0.45198382616487454,0.20270270270270271
669704,0.25821794436906376,0.26239480519480524,0.3517033582089552,0.22857142857142856
669707,0.27930248080093284,0.42956587183366174,0.6723238912789997,0.0
669711,0.28237337400934137,0.2889052736421782,0.4778919536223605,0.20357142857142857
669713,0.31916226460623537,0.32073119927466653,0.5892697510531316,0.2196969696969697
669717,0.4552449377949378,0.5912044937794937,0.9644240883740883,0.0
669721,0.3462836534111635,0.39116847879312444,0.6713021902282483,0.1956521739130435
669722,0.019,0.016999999999999998,0.0425,0.3333333333333333
669724,0.32029540896803144,0.3153830772507141,0.4942791055655863,0.15384615384615385
669854,0.26846926957631806,0.27904314192786617,0.4775009810873169,0.24120603015075376
669920,0.3429189646426211,0.33895338763120675,0.5624350557546317,0.19345238095238096
669923,0.3438490672408121,0.3062542655833705,0.5555538069306627,0.26045627376425856
669947,0.345435817805383,0.2785711917293233,0.5080486542443065,0.3157894736842105
670032,0.018,0.3577485,0.04,0.0
670036,0.32115138879179805,0.2904667354207813,0.48667078652162293,0.24778761061946902
670059,0.3403266644722201,0.36426669442924114,0.5285904216104244,0.144
670102,0.35274622488707513,0.37349478010802206,0.6376761308980298,0.18685121107266436
670156,0.18475,0.34483233333333335,0.21625,0.0
670167,0.32821232862149313,0.3113541980656884,0.5569184195933765,0.2339622641509434
670174,0.3659841801709242,0.38080033256619805,0.6219462882361182,0.17307692307692307
670183,0.013666666666666666,0.28519880000000003,0.018666666666666665,0.0
670280,0.32389104661068574,0.2644786855899698,0.5393337090434389,0.3412698412698413
670329,0.31606495541389706,0.27987151985807873,0.5081692604907853,0.2676056338028169
670766,0.3050875,0.2556303043478261,0.45314375,0.2608695652173913
670810,0.3631010101010101,0.3986519338771475,0.5782109021246952,0.12903225806451613
670912,0.2937918269020659,0.31648499738411495,0.5226843561576928,0.24561403508771928
670950,0.3170174825174825,0.2905931923076923,0.40731468531468534,0.16666666666666666
670955,0.3428168402063016,0.3060988602416668,0.6228712376696685,0.3188854489164087
670970,0.29681138463992407,0.2543571998878519,0.4168234551908687,0.24475524475524477
670990,0.35218780432370017,0.32806915795498404,0.6218425342423881,0.2903225806451613
671096,0.30380973481696827,0.2940876649304012,0.5050283259664042,0.21783625730994152
671106,0.30647909030037246,0.32583577997673485,0.5270718915776719,0.1796759941089838
671109,0.279824621250913,0.31845654839847937,0.5301324831590539,0.19230769230769232
671111,0.3125040303461356,0.292200128883986,0.4357080369843528,0.15384615384615385
671131,0.32064344797520583,0.33508185464345147,0.5654828698828195,0.19637462235649547
671162,0.4481502546366677,0.4825158753101737,0.8547004693675888,0.16129032258064516
671212,0.3080295003474393,0.31179876702802783,0.5353967877514214,0.25663716814159293
671305,0.34805932919419763,0.4087185842257158,0.7226654087871194,0.21428571428571427
671737,0.3074986135210458,0.31404822396672055,0.5237133991548344,0.20991735537190082
671922,0.32109370931337566,0.24825733091975444,0.48237032161884397,0.34551495016611294
672282,0.3479729074950871,0.2959776597413902,0.5554763033501654,0.29850746268656714
672335,0.27393354394231456,0.30813389642895506,0.4027582961495443,0.19090909090909092
672391,0.26381126610989614,0.28802159933753885,0.4868536109647575,0.25257731958762886
672456,0.3249996537733664,0.3334928753088032,0.5579378008827924,0.18461538461538463
672578,0.34761979062513604,0.35872933711531885,0.5944297971137027,0.1921182266009852
672582,0.3152214736295164,0.3110270374911627,0.5110474195682478,0.2109090909090909
672710,0.24647952467470244,0.29091637031829337,0.47557023631821144,0.11764705882352941
672724,0.34530252100840336,0.3800467176470589,0.48643487394957985,0.0
672782,0.32507126905535005,0.3474617852193833,0.6147736468285955,0.20938628158844766
672841,0.2966364805682161,0.29864595525621646,0.44382399266954237,0.16216216216216217
673380,0.32124207910145414,0.3506443975414829,0.6987909506292319,0.2682926829268293
673513,0.301746055291881,0.3131792606450437,0.5279770657675342,0.22426470588235295
673540,0.3048683019881744,0.3094670674356562,0.5054704873612551,0.22520661157024793
673820,0.4194466594827586,0.48397146059113305,0.7790675287356321,0.07142857142857142
673929,0.28508833607046563,0.2788462372414692,0.5234230549560178,0.30111524163568776
673965,0.31988079322638147,0.3302748445632799,0.5583081550802139,0.1875
674072,0.44447436079545455,0.4191423490909091,0.9233132102272728,0.3076923076923077
674285,0.34379048236453263,0.3689356241369326,0.5731241788394336,0.152317880794702
674370,0.3191638360312031,0.3544769421709843,0.6191049760121259,0.18732782369146006
674384,0.3124077873254565,0.36408185112781954,0.4839067400644468,0.1774193548387097
674444,0.2820337294535512,0.28878758294007284,0.45595351611038576,0.20105820105820105
674841,0.27053549326538046,0.2652483341214535,0.36019796596286857,0.20408163265306123
674944,0.36572694618599794,0.3662965404040404,0.5964597701149426,0.18604651162790697
675512,0.2654302412719703,0.29744462849092806,0.5093501852331966,0.19889502762430938
675540,0.2162752525252525,0.31816894507575755,0.36846212121212124,0.0625
675650,0.40768300110741973,0.4447636857142857,0.718078349944629,0.2
675848,0.28307466443406454,0.2704622605022337,0.42634742733423936,0.26053639846743293
675911,0.3428763840952141,0.3406467904846682,0.6148674791868615,0.24259259259259258
675919,0.1526,0.20849957142857142,0.2002,0.14285714285714285
675989,0.3993106060606061,0.38223409090909094,0.5921515151515151,0.1
676051,0.2806618940590964,0.3325282032369423,0.6835332086315332,0.23809523809523808
676070,0.06666666666666667,0.06799999999999999,0.10066666666666667,0.0
676083,0.33611559629272847,0.3257323671875737,0.5510167339939428,0.171875
676092,0.3611611087326379,0.36088324025379653,0.6586958339373751,0.20168067226890757
676106,0.3516805842111822,0.35843285656677476,0.5641723986196934,0.165374677002584
676130,0.3171925208665952,0.3283888338584729,0.534392434062359,0.20422535211267606
676206,0.2506025641025641,0.24842655952380951,0.3667179487179487,0.35714285714285715
676254,0.3310275637945646,0.3047048252379759,0.4833825931764319,0.22556390977443608
676263,0.2717757211586333,0.2577389991681023,0.4512097560737699,0.24172185430463577
676272,0.42978057669894904,0.3978785847609422,0.7873631584104294,0.25
676282,0.3246266466670291,0.3001957264819588,0.5261177586398891,0.26865671641791045
676395,0.3220900220454989,0.3037387169780691,0.5474488358990346,0.2527881040892193
676428,0.313514749706783,0.2971431621826315,0.45162602199532753,0.24548736462093862
676440,0.2942712879770522,0.2968350591151325,0.5008416620335462,0.21231979030144169
676467,0.332358684797459,0.33201771042053796,0.5889691666897846,0.18997361477572558
676475,0.28977777777777775,0.4531555833333333,0.5865555555555556,0.0
676477,0.30031890253615334,0.26174509145180724,0.4690026988916126,0.310580204778157
676508,0.3090759595266378,0.30013754538289045,0.5006152963878004,0.21212121212121213
676510,0.21325,0.2216424285714286,0.279,0.2857142857142857
676534,0.35093554939910226,0.32270481429437675,0.5210874409351582,0.23046875
676571,0.3206596941842892,0.3079668097703371,0.4803030916647362,0.24545454545454545
676604,0.3976002579110909,0.38740959848852685,0.7532734215658172,0.23728813559322035
676609,0.3960751860119047,0.6109881587301588,1.0532536086309523,0.0
676617,0.31500619385131584,0.29763097092884205,0.41199815062985795,0.225
676661,0.3686283239547905,0.3713789780611025,0.6066214100426783,0.15294117647058825
676664,0.30224461283564963,0.3187087698221616,0.5528929273912508,0.19965870307167236
676679,0.3522956730769231,0.3890243392857143,0.4937427884615385,0.0
676680,0.20366666666666666,0.1899060625,0.23091666666666666,0.1875
676684,0.3039703389600146,0.265704131109196,0.4412211800786527,0.2640845070422535
676701,0.36466666666666664,0.3323333333333333,0.3983333333333334,0.0
676702,0.3774618924329159,0.3770961414491284,0.5938296157916686,0.1797752808988764
676724,0.213,0.3738323333333333,0.24050000000000002,0.0
676742,0.37468409999999996,0.44174685661764707,0.7184149000000001,0.11764705882352941
676755,0.27423649956319723,0.282951397830135,0.4744095617534443,0.22727272727272727
676760,0.22043130434782607,0.21075156309650056,0.3363095652173913,0.2857142857142857
676775,0.2754779276365676,0.2828459184393159,0.516281634287034,0.21428571428571427
676801,0.2985333333333333,0.3995270222222222,0.4439666666666667,0.06666666666666667
676879,0.3209161803379299,0.2756031233951854,0.4412568466779552,0.2814814814814815
676917,0.3222823858308922,0.315692570165233,0.4903302635556682,0.182648401826484
676961,0.3964942761939663,0.36991859270586236,0.6441661442727752,0.21243523316062177
676962,0.34695205794442624,0.32882335534754986,0.6240927068881887,0.2538293216630197
676969,0.16869642857142855,0.3483866,0.2973571428571429,0.0
676974,0.3539811186447253,0.33680868824531257,0.6189255131618598,0.23859649122807017
676979,0.31384852945950525,0.2658961499034865,0.5206017004786754,0.3117359413202934
677020,0.342109056122449,0.31263417714285713,0.6069891581632653,0.32
677161,0.3069753578092587,0.2893216836467822,0.4599380747620686,0.23026315789473684
677649,0.22663636363636364,0.22245454545454546,0.28309090909090906,0.0
677651,0.19231400221047035,0.22867960273298282,0.4932300812837517,0.25925925925925924
677865,0.3551961485846575,0.2984697274392128,0.5291254866884143,0.27692307692307694
677944,0.33835987734671324,0.343460823264703,0.6215293807770692,0.2
677952,0.3189347350135098,0.28885947933769657,0.47605426644147575,0.24232081911262798
677955,0.2905630704636729,0.28490020507399577,0.4454634903249361,0.24031007751937986
677958,0.3550332112908075,0.3644295258719976,0.6311668678343597,0.1951219512195122
677960,0.30675717773509925,0.3092500459830141,0.5416324227124958,0.22289156626506024
677961,0.39402777777777775,0.4491057314814815,0.5472222222222222,0.08333333333333333
677976,0.3052129237288136,0.3642387564674398,0.5145646186440679,0.05263157894736842
678011,0.0735,0.08275,0.10275000000000001,0.0
678020,0.3074565077498242,0.3236288998291617,0.5398426686591348,0.20930232558139536
678022,0.28660594223723035,0.2971482618463582,0.46955115416046084,0.22981366459627328
678024,0.2912524033498848,0.3124533182419301,0.47432147813895964,0.19339622641509435
678215,0.41031113978189865,0.41433699334386537,0.7016028768636131,0.18181818181818182
678226,0.26570135973969206,0.3183616519988149,0.44467590753780883,0.20245398773006135
678316,0.3096,0.29752727777777777,0.4626,0.2777777777777778
678368,0.30653780832826844,0.3501395446961267,0.5988271397870679,0.15472779369627507
678394,0.31703433175972123,0.327233032130709,0.5066965060244342,0.1763869132290185
678495,0.29672625575199413,0.25069375734691823,0.4933234200756764,0.33668341708542715
678606,0.3268070102773121,0.29439224618465504,0.46269980080299283,0.2191358024691358
678692,0.2806060130271295,0.26961016099251806,0.5459777204406306,0.3234323432343234
678821,0.3815170812907791,0.43778695504965626,0.7041594088319866,0.1568627450980392
678906,0.31952358498996,0.31066585558643456,0.4834071006913125,0.2805755395683453
679358,0.28711717504525014,0.2970438790993246,0.4793755242097036,0.2247191011235955
679775,0.33095350042616745,0.3277356479429387,0.5067070892227838,0.19130434782608696
679883,0.24101344537815125,0.2256563112244898,0.3306294117647059,0.2857142857142857
679885,0.2769341563786008,0.28017771305649086,0.37733497942386834,0.3283582089552239
679922,0.3255,0.5404982,0.391,0.0
680573,0.284714548011845,0.3039768304444355,0.533016206328893,0.2266949152542373
680604,0.3738006463051933,0.5053897410561083,0.8312511760752689,0.0625
680684,0.3635032692021054,0.40833320488431935,0.7474658883893983,0.16546762589928057
680689,0.34428554262614136,0.34534794056700147,0.5278175856412947,0.1744186046511628
680694,0.3541444832160992,0.27491506583278674,0.5767312159878507,0.373015873015873
680701,0.34875706214689267,0.4025743587570621,1.046870056497175,0.3333333333333333
680702,0.2555,0.17271428571428574,0.2978,0.26666666666666666
680704,0.3095576741755972,0.32381629152090624,0.5211205717965541,0.2318840579710145
680729,0.3179811935683364,0.3711793249750249,0.49613419033347606,0.12
680730,0.34667148752572563,0.3698585637493498,0.5947952620390913,0.14206896551724138
680732,0.32751005871673444,0.34209878803994,0.606680929212481,0.22240802675585283
680735,0.3401351975651679,0.3697582009377234,0.7055027890825061,0.21568627450980393
680736,0.3419293115901745,0.2885286251101194,0.5072401239417679,0.2714285714285714
680742,0.302763141199377,0.3030347405202028,0.5336000472604833,0.2541436464088398
680755,0.3136093931484889,0.2849528789233255,0.5360158985217648,0.3054187192118227
680767,0.3138872640368697,0.3167694090890314,0.5326492296452974,0.22685185185185186
680837,0.4267556573275862,0.521852505387931,0.8122734374999999,0.0
680862,0.28355555555555556,0.3070666666666667,0.4469222222222221,0.0
680880,0.3216589054653205,0.35233856923746154,0.5855665530117067,0.1650485436893204
680885,0.3367795034570103,0.294332991885569,0.5306914908404324,0.2482758620689655
680951,0.3954778846153846,0.42954626309921967,0.7433588675213675,0.21739130434782608
681006,0.3338381716340011,0.33319414308668044,0.5302250914037644,0.23841059602649006
681146,0.34569179925071764,0.4123153089468099,0.5768527927796429,0.05405405405405406
681151,0.309975286000286,0.30180981015361863,0.47056794115544115,0.1702127659574468
681168,0.3028858725976807,0.2996048743177452,0.5046417983165922,0.23809523809523808
681190,0.31242316119153285,0.35429014175411316,0.5614939981621868,0.13660245183887915
681217,0.3234820089955022,0.3124500018115942,0.5424377811094453,0.2653061224489796
681293,0.33280536909965625,0.3560153966156179,0.5793860107323943,0.1987179487179487
681343,0.31148931473989966,0.31017637264639464,0.5200530675332133,0.2353896103896104
681347,0.3347460441441787,0.32193973028176387,0.5798678714036953,0.24069478908188585
681432,0.1436,0.33349871428571426,0.1472,0.26666666666666666
681517,0.3450840229612919,0.3256777066775778,0.559945722550692,0.21978021978021978
681676,0.30501551439030244,0.31312574217241934,0.5488474381890219,0.24113475177304963
681751,0.38581059499116144,0.3409536942668491,0.6479803917561588,0.2857142857142857
681799,0.33643159070767725,0.3801542935273841,0.6634433555602217,0.15384615384615385
681810,0.31872024367908514,0.32274653389986385,0.611239842982221,0.2647058823529412
681857,0.32673779303088407,0.3133135669127945,0.5219964146539946,0.2264808362369338
681867,0.29974467132867133,0.31045264480245494,0.4508427878787879,0.1125
681869,0.29680079372619705,0.3015484737025753,0.47408985010693855,0.19310344827586207
681870,0.2725510023300222,0.2857486311225923,0.4903481854114265,0.3442622950819672
681882,0.30217661072117047,0.2923763342380091,0.5717997914303434,0.23333333333333334
681892,0.31769461004192795,0.29801426786136287,0.44203586899725517,0.2185792349726776
681895,0.274826936408899,0.2641143536928407,0.42046798780487804,0.3125
681911,0.2983425895320773,0.2724687429042495,0.5585328137573043,0.34051724137931033
681916,0.2390328141783029,0.3080743086706127,0.34842686627282493,0.08333333333333333
681962,0.3124201056211958,0.3697011478696742,0.6301706838524883,0.06666666666666667
681982,0.33234667616495517,0.3003774922962471,0.4955373067481315,0.24749163879598662
681987,0.35375,0.391,0.5625,0.0
682052,0.3051011065257425,0.29717101545471547,0.5271252962220221,0.2817955112219451
682120,0.30739171682071637,0.3246107011321773,0.48783603125231106,0.23195876288659795
682144,0.8891276595744683,0.649412414893617,3.535936170212765,0.3333333333333333
682171,0.36441287217855567,0.3798614543147481,0.7098848143791324,0.20634920634920634
682243,0.34463956838356813,0.351306241246122,0.5876498235004063,0.18877551020408162
682254,0.3686191927690024,0.3299657101441139,0.604834599349815,0.3014354066985646
682274,0.24049946185501744,0.25318803841005044,0.4155035499479944,0.25
682515,0.4749777777777777,0.5476333333333334,0.8233833333333335,0.0
682610,0.4260901536527305,0.4183593457268005,0.827289354346105,0.27450980392156865
682790,0.3704709516974254,0.3226226338732667,0.5478439293688768,0.28735632183908044
682825,0.32733757000155894,0.34934593154761906,0.5291328352779876,0.21875
682842,0.30540962361007257,0.26010933538534875,0.42132154058355165,0.3010033444816054
682847,0.3412408053903186,0.3360397664142003,0.6118134696164645,0.2513089005235602
682989,0.2829188987828411,0.35088752294207853,0.5373701394759087,0.1728395061728395
682990,0.30172095998146664,0.29776801457086916,0.4744379545310233,0.20214395099540583
682995,0.39290740740740737,0.3258650793650794,0.6233227513227513,0.25
683004,0.31622290464347946,0.3263060558171877,0.5731282174756248,0.22910216718266255
683021,0.07533333333333334,0.09266666666666667,0.14366666666666666,0.0
683155,0.29510791400277164,0.3638011933879236,0.5539832507318848,0.10909090909090909
683175,0.30204310752230645,0.3085900174653076,0.6256982324018895,0.32653061224489793
683232,0.3254169960391061,0.3245478836974368,0.5837623632761458,0.20535714285714285
683409,0.3256449566770324,0.3567171376880211,0.5773194059569818,0.15579710144927536
683618,0.28619356023038023,0.285675056578065,0.5143902006048602,0.22784810126582278
683627,0.3771922664585559,0.4054880511712948,0.7048834922228929,0.15
683766,0.3386173780487805,0.36639939024390245,0.5171219512195122,0.0
683769,0.322824973598615,0.2979229830127397,0.556551078290202,0.26545454545454544
684007,0.29805867735100144,0.3128529028350961,0.5999324692701528,0.20871143375680581
684320,0.30340853609371704,0.3168474681257081,0.518806542734552,0.2214765100671141
684974,0.24889285714285714,0.3250547642857143,0.36150595238095234,0.17073170731707318
685005,0.4708689598689599,0.47264492977067984,0.9504586404586405,0.25
685068,0.32888602316602317,0.33689376416988415,0.5868338223938224,0.16
685107,0.35728512840886256,0.35730002755386375,0.6102650620125304,0.21367521367521367
685126,0.3252397662901205,0.31405801344773643,0.5752371794904547,0.24183006535947713
685299,0.35998964015816215,0.36845420560299297,0.6410730064933174,0.18397626112759644
685314,0.2850902727551023,0.3115021184621233,0.4921937151080497,0.168141592920354
685326,0.3361329356361303,0.3840929443428002,0.6279713882550948,0.18253968253968253
685801,0.346606356250476,0.3705776455206715,0.6753902224200351,0.2
686218,0.2995111911218381,0.27115791308909337,0.5087854658337367,0.30584192439862545
686228,0.3396046440662512,0.36444429650557775,0.6596974210313495,0.2153846153846154
686249,0.49733333333333335,0.424,0.6466666666666666,0.14285714285714285
686563,0.3371041114678923,0.3535520236967718,0.6043230694652002,0.18454935622317598
686580,0.2839440721396417,0.29168847582078544,0.4923000883341785,0.18248175182481752
686613,0.3125571638978414,0.27741770023877105,0.4870781071872571,0.2818057455540356
686642,0.3362905505952381,0.35654834105534106,0.5788558407738095,0.2972972972972973
686654,0.17761111111111108,0.22328158974358975,0.4332777777777777,0.35714285714285715
686676,0.3102844827586207,0.41739735467980293,0.5595086206896551,0.0
686701,0.3200719191398325,0.3219262977289537,0.5496769299457429,0.2260061919504644
686730,0.36108583974074304,0.4047126908563414,0.6688982123930056,0.18333333333333332
686747,0.2983613510695235,0.35712881821183956,0.5477720014868728,0.06060606060606061
686751,0.26771773915844665,0.23405664856902356,0.4370787595530081,0.3148148148148148
686752,0.30990325721922024,0.31071573919807094,0.5560718542768466,0.24522760646108663
686753,0.40069999999999995,0.46980700000000003,0.5344,0.0
686790,0.3243020202020202,0.28062306214689264,0.48484204545454546,0.23333333333333334
686799,0.3409443473671898,0.36842240162488527,0.5613680483746365,0.13980582524271845
686826,0.297685634636617,0.31403774345265867,0.5291705780991943,0.21212121212121213
686930,0.28517931338680563,0.3069953606981254,0.46339892991620546,0.17307692307692307
686973,0.34622193654206307,0.3107338769584687,0.5499387750824131,0.2533783783783784
686993,0.28647962246932596,0.28523844428956613,0.5180183784018251,0.26217228464419473
687003,0.3193203677803678,0.2929837045670379,0.49844740740740734,0.16666666666666666
687064,0.30050225609559733,0.3203762058657544,0.5431517017371378,0.18359375
687074,0.34949090909090913,0.3992994,0.48427272727272724,0.06666666666666667
687075,0.33358769893899204,0.3144693141025641,0.4640490301724138,0.20238095238095238
687134,0.35198821348173603,0.40901806070950575,0.6414459632062248,0.09818181818181818
687166,0.41385714285714287,0.3824996666666667,0.5027142857142857,0.1111111111111111
687209,0.36330667249417253,0.3064673037350247,0.5712701048951048,0.3023255813953488
687223,0.3078569440784117,0.378580393245891,0.6121585944967699,0.15428571428571428
687287,0.363410752688172,0.32387162419354837,0.5133397849462366,0.2
687330,0.3745800954748184,0.38084634370845283,0.7285339307464299,0.2046783625730994
687362,0.3222512211057815,0.3544137008679525,0.6242802700920822,0.18548387096774194
687377,0.3224177085675086,0.3566780286814872,0.6030558967145307,0.20833333333333334
687396,0.32035231232576666,0.27600004614203,0.56357905217045,0.32608695652173914
687424,0.3824412601626016,0.40000036814024387,0.7559667610336819,0.21212121212121213
687473,0.3262028337493539,0.33053858500813205,0.5823751209536792,0.21365638766519823
687589,0.4164,0.45704816666666664,0.5204,0.0
687606,0.3130614622609367,0.3017752901191399,0.5561980255473932,0.2545454545454545
687765,0.3494017265068791,0.36315333127928995,0.6221532524410125,0.17553191489361702
687830,0.36437920864804724,0.3767658044557885,0.6926278347722097,0.19548872180451127
687847,0.33134087337991486,0.41695063252811615,0.7722835900727429,0.21739130434782608
687849,0.3073627450980392,0.2875341885964912,0.3968039215686275,0.21052631578947367
687863,0.3324006050039476,0.31815547178835785,0.5600297807489648,0.2727272727272727
687888,0.31663463799771546,0.2820431352255696,0.5198507273757336,0.24528301886792453
687911,0.30561555952102054,0.2738180418871493,0.49038072319059167,0.2509090909090909
687922,0.34850136346621263,0.3703427239607958,0.6749966159704337,0.21296296296296297
687931,0.3354618875301206,0.38636020410622135,0.6373767257393739,0.1568627450980392
688107,0.2534995164410058,0.34262016420996466,0.4951605953148506,0.1724137931034483
688138,0.3318336552619252,0.35002047519160395,0.570149847895311,0.16809116809116809
688158,0.31830746100654655,0.30107249987543533,0.49591499355790186,0.25906735751295334
688297,0.3218138613318529,0.3648289586165379,0.5837916023188148,0.14705882352941177
688497,0.3611291425353925,0.3014063448292042,0.5345383285070785,0.3013698630136986
688642,0.3275791358839899,0.3837817279379017,0.6289882158410058,0.1386861313868613
689017,0.35806761190843,0.37174349836960197,0.6831335104703614,0.21910112359550563
689147,0.3154817000421052,0.29758274861464856,0.48905075868414505,0.24436090225563908
689225,0.27783950280474046,0.3129777743984906,0.478360473139463,0.1553398058252427
689254,0.2915967097068459,0.283996469852819,0.4937322883458225,0.25925925925925924
689266,0.30136712359621054,0.28890997425663284,0.5185479827153523,0.21897810218978103
689520,0.31105263157894736,0.21911999999999998,0.3804736842105263,0.2692307692307692
689690,0.29992024205445333,0.344191467944632,0.5246197356433062,0.1503267973856209
689958,0.25926666666666665,0.3058148148148148,0.8673611111111109,0.3333333333333333
690382,0.38542197575037845,0.4058836883392056,0.7209646577469841,0.18604651162790697
690544,0.40296875,0.36575589795918373,0.54618125,0.2
690829,0.2877522793172511,0.3743835363644516,0.569582399186919,0.047619047619047616
690916,0.3476695282167931,0.3609202546616423,0.6366891272379444,0.20512820512820512
690925,0.3113113727035173,0.30243897057906854,0.5198653837494744,0.3173076923076923
690928,0.2979222646191309,0.308578072266767,0.5119044490476067,0.17578125
690953,0.35556171951817306,0.3456194706078027,0.5944438641846627,0.22413793103448276
690986,0.33243876576452686,0.31624550360036235,0.5546556572943033,0.24358974358974358
690990,0.3011248865858092,0.3064489683738785,0.5190539573227628,0.20208333333333334
690997,0.33562463109140345,0.29284400424110973,0.5329289969424239,0.30319148936170215
691094,0.2571096249672174,0.33134743611934875,0.6999470233412013,0.23076923076923078
691172,0.2943157026653246,0.35912337719410087,0.5779234605029501,0.15625
691251,0.37401318188957144,0.3942301876242986,0.5827339356763926,0.1282051282051282
691441,0.31774057971014497,0.273517212374582,0.44435652173913043,0.3076923076923077
691548,0.3126597222222222,0.4122887142857143,0.6752569444444445,0.23809523809523808
691587,0.28847150635476104,0.28139800207229293,0.5207637627014874,0.2713178294573643
691594,0.36562698889069717,0.431404929053584,0.6076644259931688,0.018518518518518517
691769,0.2735285534591195,0.3108901009783368,0.5620959748427674,0.2777777777777778
691799,0.34431995301952195,0.2671810847468617,0.4998028439153439,0.34394904458598724
691951,0.3593686700451857,0.40153531018909405,0.6120180417653551,0.1643835616438356
692024,0.4119985566374779,0.5258259662847329,1.1047844860550624,0.17391304347826086
692030,0.35884027777777777,0.44813546913580243,0.802377976190476,0.1111111111111111
692230,0.28207377613036805,0.30948602782207973,0.43746389501101984,0.22
692285,0.3361636023274155,0.37939434964321533,0.517401029265873,0.1388888888888889
693312,0.3048865289815333,0.315621561748889,0.497039351241223,0.20359281437125748
693313,0.33319388662340704,0.3672932117856644,0.624543317890519,0.16666666666666666
693433,0.30109400268091824,0.2742874012604888,0.5223897100375325,0.2708618331053352
693645,0.33494003956222745,0.3145640127832416,0.563349443891184,0.27450980392156865
693821,0.33427306647995264,0.33499859072503846,0.5614543289193027,0.19293078055964655
693855,0.3357138510443959,0.30794666353898087,0.555451728797182,0.2644628099173554
694037,0.3228447890294869,0.2820396037251305,0.5097349401569334,0.2824074074074074
694297,0.3536157023111464,0.3516797371013465,0.614857417309145,0.19165580182529335
694335,0.2919643454729516,0.274904653488135,0.49062911394275166,0.2905982905982906
694350,0.366032893611309,0.36741068644215025,0.6350006135909078,0.21818181818181817
694359,0.45999999999999996,0.42138855555555554,0.545,0.1111111111111111
694361,0.3615185415801854,0.323808985895284,0.5441032996921268,0.3
694363,0.33202825773483463,0.319841036348806,0.4735714781755961,0.14634146341463414
694462,0.3455785370260897,0.3098936885754726,0.4955746856229399,0.2391304347826087
694477,0.32884802039098754,0.3063398253088853,0.5433964729287326,0.2514851485148515
694646,0.3805305702917772,0.45842080708624705,0.7738495669560325,0.17647058823529413
694738,0.32061321566040724,0.3194886968146837,0.5293170872826971,0.21338912133891214
694819,0.31445484401481144,0.2880436315692144,0.5390411600717165,0.31985294117647056
694851,0.33478162610312,0.3741162004087254,0.6195756418942394,0.19672131147540983
694918,0.3100247863247863,0.36142490992767917,0.529428311965812,0.1282051282051282
694973,0.29394021532468817,0.2553173934154952,0.4685708183968502,0.2946793997271487
695243,0.3252427781811798,0.24899030593071617,0.584206155732138,0.4425531914893617
695418,0.3406357019334309,0.33520432613155604,0.5534274306512267,0.19744058500914077
695445,0.35006894894634605,0.3462945095147394,0.6684944474021255,0.24324324324324326
695505,0.3520863856616458,0.2906114542509303,0.6123535327326228,0.3544973544973545
695534,0.4358913352272727,0.4705917765151515,0.7978011521464646,0.175
695549,0.3002978389472896,0.3408313017518902,0.5436801558448915,0.17889908256880735
696131,0.2855394532813125,0.32960060307017547,0.7782312049819929,0.2631578947368421
696136,0.3603450356824386,0.309924740050454,0.5106666548497847,0.19402985074626866
696147,0.3358776676875037,0.317741000847792,0.4453309628895694,0.19148936170212766
696149,0.31256626866363396,0.29833842548859596,0.5638695919098142,0.25
696270,0.31898050143247786,0.29340205499507066,0.5125558405528015,0.2222222222222222
697812,0.31496964285714285,0.2835153224489796,0.5185241071428571,0.3142857142857143
699134,0.22718750000000001,0.23706203333333334,0.2774375,0.2903225806451613
699911,0.2867559413580247,0.33741254875283444,0.42204390432098765,0.1
700187,0.4084667136591479,0.47550605254455586,0.6820595414948663,0.05405405405405406
700241,0.3197958630303536,0.3327602204936017,0.5348888451445648,0.145
700249,0.36444609824864155,0.35635476794308363,0.6756440205870512,0.24130879345603273
700270,0.4122737154150198,0.49917150144927536,0.7520923913043479,0.06666666666666667
700363,0.3904028815289389,0.3786053801613121,0.6652472147738574,0.2198952879581152
700669,0.34303396784970136,0.3256062843048165,0.5401106534911816,0.20618556701030927
701121,0.3314,0.32685129251700684,0.46034912280701756,0.14285714285714285
701487,0.36656133221922255,0.33675229510803106,0.571955805223124,0.20300751879699247
701519,0.37661388906337145,0.39323047326976723,0.6800380827869305,0.1949685534591195
701542,0.3432878331040704,0.3301463644328258,0.5874615046504335,0.2401685393258427
701552,0.29793689131028284,0.3068996413188046,0.5084400837520323,0.1978021978021978
701581,0.3221843590979496,0.3387198607722508,0.6152268616617024,0.2314410480349345
701656,0.3656068544605447,0.2991164826166542,0.6015969094437636,0.3333333333333333
702056,0.3505003642191142,0.313834659457478,0.5152966928904429,0.25806451612903225
702070,0.31415496172204316,0.31301895857100925,0.5277666088360272,0.20466786355475763
702352,0.3063794241841054,0.31361937400590906,0.4964730234446886,0.17732558139534885
702674,0.3308669538930379,0.33852513435937753,0.5703917099059403,0.2323943661971831
702752,0.532,0.4913323333333333,0.6346666666666666,0.16666666666666666
702795,0.35123518922305763,0.40774418761978476,0.6209855394736842,0.11764705882352941
800048,0.30730959228540744,0.27390609941978566,0.47886776974497786,0.23030303030303031
800049,0.31529284404735924,0.34637668952637346,0.5350174613136571,0.1366906474820144
800311,0.37496959255477785,0.41152639969107935,0.7223905559773202,0.17142857142857143
801139,0.35865069250168136,0.3335537476963519,0.6013388480992072,0.25675675675675674
801216,0.07100000000000001,0.12305522222222222,0.0845,0.2222222222222222
801403,0.31676571115333907,0.34656305852314906,0.5715991208335675,0.18552036199095023
801434,0.24254172413793104,0.31567082247765005,0.5430350957854406,0.20512820512820512
802419,0.37068391868525613,0.42170857637606873,0.6883640743225257,0.14
802686,0.3958263157894737,0.47260914912280705,0.5972157894736843,0.0
804636,0.36409200760796745,0.3422634990418266,0.6166538070932044,0.25
805123,0.26175545704852293,0.27972033122832346,0.5468723324763881,0.28
805299,0.3398007399577167,0.3167512603305785,0.44447885835095136,0.21212121212121213
805427,0.3528322072072072,0.39532957799905166,0.5744921171171171,0.15789473684210525
805673,0.36221143289491803,0.3332768731801471,0.6165228244806138,0.24858757062146894
806185,0.30826496543164156,0.3337906213813829,0.571082634743249,0.22818791946308725
806188,0.3093043413930419,0.3042047550170248,0.44513010440825296,0.18614718614718614
806960,0.30976628213626517,0.32528163101156093,0.5759382848301557,0.215
808963,0.31228235381041924,0.36651821020482706,0.6156783963902233,0.17006802721088435
808967,0.29288270719749865,0.2595779958918491,0.45276363324830116,0.2957957957957958
813349,0.327449880952381,0.23997289150090415,0.4674058333333333,0.3670886075949367
815083,0.3715499404865803,0.3611681224530974,0.6340885939708317,0.22429906542056074
820862,0.2725280152387442,0.3139654272359614,0.5760957995667089,0.2565789473684211
829272,0.3229371290712291,0.3547807024533661,0.5815456807965165,0.1724137931034483
